sampling_lr,lengthscale,delta,eta,alpha,classifier_free_guidance_weight,mean (100th),std (100th),mean (80th),std (80th),mean (50th),std (50th)
0.001,1.0,0.25,0.0,0.6,-1.5,0.9741837754845619,0.004330239876043172,0.9399375393986702,0.0027236817098542938,0.920768640935421,0.0026825113589592792
0.001,1.0,0.25,0.0,0.65,-1.5,0.9752108529210091,0.006118525595308126,0.9398199841380119,0.002961013040880661,0.9204361140727997,0.002866169924132316
0.001,1.0,0.25,0.0,0.8,-1.5,0.9736761152744293,0.0049138046330227045,0.9401252940297127,0.0014181902892143976,0.9210652112960815,0.0026596655011833846
0.001,1.0,0.25,0.05,0.8,-1.5,0.9734247326850891,0.0050352218026502495,0.9396015852689743,0.001766715210691143,0.9207982271909714,0.0028067389809033113
0.001,1.0,0.25,0.1,0.8,-1.5,0.9735129028558731,0.005493006557971485,0.9390671476721764,0.0030011640239607463,0.9190355613827705,0.0026176851201740064
0.001,1.0,0.25,0.15,0.8,-1.5,0.9740470871329308,0.0066679431225937485,0.9393839836120605,0.002416246494501716,0.9194730520248413,0.0027962876992360607
0.001,1.0,0.25,0.2,0.8,-1.5,0.9720509648323059,0.005118332816909333,0.9384291172027588,0.0018293914524270248,0.9193397089838982,0.0029129298552923355
