sampling_lr,lengthscale,delta,eta,alpha,classifier_free_guidance_weight,mean (100th),std (100th),mean (80th),std (80th),mean (50th),std (50th)
0.001,1.0,0.25,0.0,0.6,-1.5,0.9741837754845619,0.004330239876043172,0.9399375393986702,0.0027236817098542938,0.920768640935421,0.0026825113589592792
0.001,1.0,0.25,0.0,0.65,-1.5,0.9752108529210091,0.006118525595308126,0.9398199841380119,0.002961013040880661,0.9204361140727997,0.002866169924132316
