num_fit_samples,sampling_lr,lengthscale,delta,eta,alpha,classifier_free_guidance_weight,mean (100th),std (100th),mean (80th),std (80th),mean (50th),std (50th)
18000,0.05,6.5,0.25,0.0,0.8,-3.0,0.6328742504119873,0.023077862993674435,0.5195587277412415,0.005103404137096569,0.47027404233813286,0.0025918357395275575
