sampling_lr,lengthscale,delta,eta,alpha,classifier_free_guidance_weight,mean (100th),std (100th),mean (80th),std (80th),mean (50th),std (50th)
0.001,1.0,0.25,0.3,0.9,-1.5,0.9696720242500305,0.004622664616991904,0.9373438507318497,0.0020497265352902093,0.9172369241714478,0.0019776341830190897
